filing_status,income,student_loan_interest,mortgage_interest,charitable_donations,dependents,predicted_tax,refund
head_of_household,60970,867,7605,4405,0,3967,0
single,43380,2066,9915,3203,0,2691,0
head_of_household,65409,431,9784,1574,1,2892,0
head_of_household,58995,739,2606,2892,3,0,2072
single,55221,1373,8350,1695,0,4376,0
single,41848,182,4781,3258,0,2726,0
head_of_household,48464,2160,3313,3262,3,0,3550
married_filing_jointly,75107,1206,9968,1445,1,3153,0
head_of_household,70018,1169,7763,219,1,3830,0
head_of_household,40448,830,5939,52,3,0,3968
head_of_household,61986,1651,2295,1757,1,2313,0
head_of_household,75027,1136,5685,1666,0,6621,0
single,26611,475,1696,2785,3,0,5049
head_of_household,70867,1326,1946,719,0,5872,0
married_filing_jointly,46747,970,2783,405,2,0,2099
single,71411,1019,3644,2294,2,3242,0
married_filing_jointly,44734,1141,5241,71,1,0,321
married_filing_jointly,23902,1836,6420,2053,2,0,4000
married_filing_jointly,27449,160,7557,1229,0,0,0
married_filing_jointly,60961,2448,2645,1567,2,0,710
single,65194,197,6589,3682,0,5749,0
single,41913,1283,6353,2953,1,639,0
married_filing_jointly,72771,659,1932,4482,1,2571,0
married_filing_jointly,26769,1775,1757,698,0,0,0
single,58678,1070,5085,826,2,931,0
single,35779,2010,5637,348,1,128,0
single,46963,398,1116,3908,3,0,2763
head_of_household,60947,1733,492,307,1,2352,0
head_of_household,42791,1582,8811,3416,2,0,2180
head_of_household,52308,2125,7888,2334,3,0,2974
married_filing_jointly,80125,2171,6474,4861,2,1293,0
head_of_household,48462,74,9738,4820,0,2512,0
married_filing_jointly,76713,2184,4958,2809,3,0,937
married_filing_jointly,37405,601,9797,3558,2,0,3445
head_of_household,70596,836,9467,4478,3,0,882
married_filing_jointly,88831,1528,2743,3477,2,3655,0
head_of_household,10567,499,7866,4620,3,0,6000
head_of_household,44062,1596,7160,2686,2,0,1942
single,71541,137,5451,2985,0,7312,0
head_of_household,55939,2097,5258,275,3,0,2287
single,67422,1794,8548,2547,3,138,0
head_of_household,47920,972,7186,2764,3,0,3413
head_of_household,61731,1642,6102,336,3,0,1545
single,56886,1885,9061,1973,0,4481,0
single,83355,2301,9077,2979,3,3437,0
head_of_household,65088,2028,9475,4576,1,2302,0
married_filing_jointly,66752,1900,619,3968,0,3762,0
single,51762,1449,882,910,1,2046,0
married_filing_jointly,50247,546,8988,1996,3,0,3819
married_filing_jointly,51348,921,3642,3129,2,0,1868
married_filing_jointly,67889,580,1296,4204,1,2028,0
single,51580,1372,8436,3757,3,0,2307
married_filing_jointly,65795,1956,2895,327,1,2077,0
single,101508,2003,6593,1799,3,7755,0
married_filing_jointly,77422,2096,929,314,3,0,283
head_of_household,53479,703,5366,3545,3,0,2808
head_of_household,84024,2308,8711,1134,2,4459,0
single,51838,2403,3212,2746,1,1720,0
head_of_household,19237,1625,2409,4876,0,0,0
head_of_household,39838,637,8199,1520,0,1805,0
married_filing_jointly,22584,1009,3423,155,0,0,0
single,52969,640,6976,1724,0,4190,0
married_filing_jointly,60368,1861,7594,3343,3,0,2924
married_filing_jointly,93528,1205,5158,886,1,7329,0
married_filing_jointly,66538,685,3667,3073,1,1989,0
married_filing_jointly,55617,1851,5973,2805,2,0,1428
married_filing_jointly,76588,187,6236,721,1,3863,0
married_filing_jointly,15777,1619,8277,912,1,0,2000
married_filing_jointly,64712,1687,2468,3357,1,1616,0
single,75417,984,6217,870,2,4444,0
head_of_household,30428,547,3619,4108,0,497,0
married_filing_jointly,82875,1431,1636,497,1,5021,0
married_filing_jointly,66769,875,8155,1756,2,152,0
married_filing_jointly,51694,617,3583,1117,2,0,1548
married_filing_jointly,72655,2461,4009,3409,3,0,1529
married_filing_jointly,105413,1365,3326,2828,2,7481,0
married_filing_jointly,63637,1243,8148,1647,0,3745,0
head_of_household,64964,902,2217,2983,1,2613,0
head_of_household,50812,162,4967,142,2,0,655
married_filing_jointly,43003,1974,2369,2761,0,1056,0
head_of_household,76606,269,3638,3435,2,2769,0
single,42878,631,9135,4660,2,0,1371
married_filing_jointly,61431,905,5722,2431,2,0,572
single,50446,2014,4444,4512,2,0,611
single,69579,1641,7618,1848,2,2800,0
married_filing_jointly,66673,204,3947,2696,0,4108,0
head_of_household,80750,581,1676,1717,1,5990,0
single,49799,1579,1196,3072,1,1535,0
married_filing_jointly,54602,840,2787,1067,1,779,0
single,40424,1836,7432,2786,1,414,0
single,51114,1251,9653,3791,0,3646,0
single,67546,1719,7927,1288,3,459,0
single,75139,1642,3318,3871,3,1578,0
head_of_household,41556,2297,8858,1806,0,1778,0
single,77392,874,6689,1504,0,8763,0
single,87112,1464,2176,3308,2,6375,0
single,68268,2243,3743,2951,2,2136,0
head_of_household,97535,689,8792,71,2,8022,0
single,44524,2010,4422,1690,1,1016,0
single,35106,1422,3824,1344,2,0,2001
head_of_household,24425,2001,9171,3303,3,0,6000
head_of_household,89920,671,2451,3113,1,7681,0
head_of_household,73087,1171,628,882,2,2358,0
single,58888,1495,9821,4234,1,2497,0
head_of_household,65599,943,7778,2662,3,0,1276
head_of_household,37490,2246,3696,1504,2,0,2667
single,108915,1449,3674,2463,3,9361,0
head_of_household,62584,895,3929,2553,3,0,1619
single,62187,2189,2765,732,3,0,700
married_filing_jointly,74515,1336,4369,1748,2,1027,0
head_of_household,69620,164,8307,3924,0,5148,0
married_filing_jointly,64477,2361,4956,423,2,0,140
single,44190,2068,692,3478,3,0,3244
head_of_household,69429,1105,3162,1591,2,1412,0
single,97640,1753,1105,4485,3,6368,0
married_filing_jointly,86908,2352,3008,4437,0,6839,0
single,91863,1938,2161,4709,1,9008,0
head_of_household,49775,370,8345,492,0,3153,0
head_of_household,40207,1880,3699,191,0,1860,0
married_filing_jointly,57484,852,3786,498,1,1192,0
single,61114,383,9256,4917,2,815,0
head_of_household,81883,1931,4200,1256,1,6044,0
married_filing_jointly,26150,2492,1913,1968,2,0,4000
head_of_household,90591,424,9408,4322,2,5617,0
head_of_household,56839,2208,5520,2186,3,0,2422
single,51462,628,1772,816,3,0,1879
head_of_household,39757,894,2780,3220,1,0,438
single,26902,2374,7423,1473,0,920,0
head_of_household,76463,597,2871,1086,1,5183,0
married_filing_jointly,61466,2336,660,4199,2,0,952
head_of_household,34200,592,6242,1874,3,0,4906
single,34098,1687,1132,870,1,0,97
single,53284,572,699,4763,1,1871,0
married_filing_jointly,93380,2075,7470,2042,3,2851,0
head_of_household,54808,2090,6297,272,3,0,2422
head_of_household,29937,1704,7812,1029,3,0,5359
married_filing_jointly,55085,2470,4557,3218,2,0,1616
head_of_household,54545,176,2179,4069,3,0,2680
head_of_household,10000,528,9065,1051,0,0,0
single,58914,1633,8275,4033,1,2507,0
head_of_household,55381,965,1422,1573,3,0,2374
head_of_household,73924,1517,3180,3190,3,0,40
married_filing_jointly,96979,197,4316,4388,2,5540,0
married_filing_jointly,82531,852,6696,3797,2,2347,0
single,54622,1537,9583,3289,1,2093,0
head_of_household,37869,2069,614,3747,0,1130,0
head_of_household,111467,1080,4570,2105,1,12553,0
head_of_household,61184,97,270,307,3,0,1422
single,60278,1903,2468,3359,0,4719,0
single,59517,434,9582,3176,0,4826,0
married_filing_jointly,63961,636,3607,1251,0,3904,0
single,57112,587,3075,2747,0,4571,0
head_of_household,48526,343,289,1517,1,883,0
head_of_household,49062,1317,8120,1378,2,0,1151
single,59344,1979,6614,4891,2,414,0
head_of_household,49131,570,3252,4992,3,0,3487
head_of_household,45743,610,7415,1961,2,0,1535
single,62128,1727,6771,4305,2,849,0
single,54900,2290,278,2863,2,87,0
head_of_household,90079,1854,580,2656,2,5556,0
head_of_household,10000,959,4958,2494,3,0,6000
head_of_household,81830,2079,8445,4567,1,5271,0
married_filing_jointly,84921,2438,4276,4005,0,6478,0
married_filing_jointly,18532,2324,7997,3563,2,0,4000
married_filing_jointly,53146,531,4776,922,1,659,0
single,52571,1177,824,4232,2,0,222
married_filing_jointly,31849,2430,3832,4462,2,0,4000
single,44443,1091,8891,2959,0,2965,0
single,37788,1901,5445,183,0,2402,0
married_filing_jointly,95045,883,1380,3358,0,9190,0
married_filing_jointly,78713,2261,9865,1398,2,1725,0
married_filing_jointly,85431,1678,6534,2796,2,3024,0
head_of_household,74433,2423,3156,536,2,2455,0
married_filing_jointly,37418,2260,4307,1273,0,618,0
head_of_household,49509,2126,5634,2967,3,0,3386
single,69787,1749,8575,3049,1,4558,0
head_of_household,35557,781,5810,1096,3,0,4674
married_filing_jointly,74259,2105,8533,1305,2,957,0
single,55193,880,5934,915,2,525,0
single,52503,446,3109,3081,3,0,2004
single,74219,2113,4082,4247,2,3189,0
head_of_household,68885,1783,3240,1028,1,3267,0
married_filing_jointly,52780,1277,6028,1977,2,0,1600
single,83186,1991,1849,3354,1,7385,0
single,38378,1067,8497,2511,3,0,3706
single,72318,1577,2749,270,3,1764,0
head_of_household,71862,1011,6680,1186,2,2057,0
head_of_household,53809,2274,9327,4555,1,921,0
married_filing_jointly,66522,773,205,4200,2,0,158
head_of_household,34977,1814,7352,3764,0,859,0
single,78480,2426,4591,2398,0,8464,0
married_filing_jointly,56301,1201,3450,4529,0,2524,0
single,49545,1450,7214,4235,0,3381,0
single,80980,306,3811,4182,2,5088,0
head_of_household,45913,778,5141,1711,0,2494,0
married_filing_jointly,31830,2315,8501,2230,1,0,2000
head_of_household,28867,7,2708,128,3,0,5206
head_of_household,72120,475,1991,1269,3,214,0
married_filing_jointly,34391,1320,8463,3672,0,169,0
single,95095,2211,3273,1601,0,12342,0
single,18361,484,4538,4765,0,0,0
married_filing_jointly,93929,904,8712,3970,2,4805,0
single,64220,558,9168,4244,3,0,667
married_filing_jointly,58065,1967,3722,4947,0,2594,0
married_filing_jointly,49101,2285,3551,627,1,0,1
head_of_household,67982,1127,2832,3797,0,4850,0
married_filing_jointly,59247,1233,5679,2044,3,0,2827
head_of_household,82066,467,6579,3552,0,7901,0
single,62284,2433,152,4979,3,0,1297
single,63006,847,5754,2341,0,5420,0
single,52727,2434,2800,3214,1,1767,0
single,58861,258,5310,249,0,5120,0
head_of_household,66156,282,9944,2925,1,2837,0
single,25796,1649,2610,974,1,0,1067
married_filing_jointly,33036,1898,1104,1325,0,211,0
married_filing_jointly,74865,39,7361,983,1,3458,0
married_filing_jointly,63417,2267,4199,888,2,0,312
head_of_household,56320,1014,3854,2937,0,3568,0
single,60368,612,7263,2117,0,5034,0
single,66951,1915,1914,2672,1,3980,0
single,49204,687,7365,4970,1,1343,0
head_of_household,44433,612,3072,1326,0,2383,0
married_filing_jointly,63916,2307,9198,470,2,0,207
married_filing_jointly,40432,2413,406,1987,1,0,1166
single,68165,1781,166,90,1,4845,0
married_filing_jointly,25948,1810,508,529,3,0,6000
married_filing_jointly,80583,1547,1661,4756,2,1555,0
head_of_household,69451,1930,3664,4059,2,899,0
head_of_household,65120,1152,3489,4834,0,4380,0
head_of_household,79653,574,680,2773,2,3518,0
head_of_household,93309,1910,2524,4967,0,9746,0
single,80287,1012,2120,1686,3,3330,0
head_of_household,23182,669,5260,191,2,0,3847
married_filing_jointly,34408,268,4357,1986,1,0,1554
single,47503,1283,1363,3623,3,0,2770
married_filing_jointly,60521,923,9523,2185,0,3345,0
married_filing_jointly,70353,1125,2292,4440,3,0,1769
married_filing_jointly,45485,1529,1538,1008,0,1609,0
head_of_household,63735,1758,3408,3783,3,0,1732
head_of_household,44892,1594,7742,4298,0,1964,0
single,47769,246,8752,4668,2,0,739
single,31866,1560,9291,4287,1,0,759
head_of_household,41535,2178,1903,2052,0,1760,0
married_filing_jointly,32966,2400,174,3308,3,0,6000
single,40482,2243,2230,1716,0,2500,0
head_of_household,81072,1939,4287,310,0,8072,0
head_of_household,41012,929,4160,4538,0,1549,0
head_of_household,112647,226,7106,1260,3,9186,0
married_filing_jointly,69866,264,9689,4965,1,2212,0
head_of_household,63696,1395,3171,3932,2,288,0
head_of_household,42832,1457,1567,3268,1,0,143
head_of_household,74006,645,1151,584,0,6742,0
head_of_household,48487,2258,7619,2799,3,0,3504
single,62440,1418,6033,359,1,3606,0
single,111201,1473,8560,2866,0,15770,0
head_of_household,58078,1387,4946,2011,2,0,154
married_filing_jointly,82985,1899,8234,4939,2,1965,0
single,45936,1249,1907,4006,2,0,1000
head_of_household,59300,981,3490,1625,0,4087,0
single,95416,1154,2535,2764,3,6390,0
single,47460,587,4173,890,1,1635,0
married_filing_jointly,96248,475,1293,731,2,6122,0
head_of_household,74155,1821,4769,3961,0,5773,0
head_of_household,48750,985,4796,4701,0,2451,0
married_filing_jointly,72648,2203,6871,2504,1,2608,0
married_filing_jointly,79451,1241,2972,614,2,2284,0
head_of_household,72436,189,3922,3806,0,5788,0
head_of_household,28595,1440,4997,1719,1,0,1536
married_filing_jointly,45457,980,7032,4769,3,0,4779
single,55049,1698,992,1587,3,0,1670
single,58511,1715,8112,1611,3,0,1259
married_filing_jointly,72413,40,5287,896,2,1033,0
single,63554,2354,2240,277,1,3663,0
married_filing_jointly,33293,942,1476,4647,1,0,1999
single,67603,337,6426,1636,0,6699,0
single,72211,1337,389,2158,0,7378,0
head_of_household,71195,1098,999,2432,0,5617,0
head_of_household,81615,2326,1855,3904,1,5316,0
single,76678,895,8125,4856,0,7864,0
single,69183,2320,8850,3262,1,4252,0
head_of_household,58596,1674,2763,1449,1,1940,0
head_of_household,26780,930,3663,4500,3,0,5945
head_of_household,68592,288,4986,1232,0,5487,0
married_filing_jointly,64153,723,1481,4117,3,0,2426
single,65431,2319,7256,677,2,1996,0
head_of_household,34465,1953,3731,2658,2,0,3094
single,38378,1089,7262,2028,2,0,1650
married_filing_jointly,81063,482,451,3758,1,4114,0
married_filing_jointly,59208,935,9729,4624,1,893,0
head_of_household,73630,2295,3093,2037,1,3977,0
married_filing_jointly,60566,155,882,2649,0,3387,0
single,60595,1070,4408,656,3,0,788
head_of_household,78765,1958,4068,165,1,5592,0
single,49679,2248,3277,4944,3,0,2783
single,61922,1683,8566,4591,3,0,1204
married_filing_jointly,50754,123,7951,589,3,0,3538
married_filing_jointly,51310,2048,4690,4524,0,1824,0
married_filing_jointly,53816,967,4595,2821,0,2459,0
married_filing_jointly,64442,854,4559,4258,2,0,424
married_filing_jointly,50425,639,7291,1262,2,0,1721
head_of_household,85115,2238,8160,71,3,2948,0
single,42107,1602,112,3516,2,0,1443
single,56262,441,5131,4750,3,0,1753
single,51205,1944,3197,3580,0,3599,0
single,88939,1838,139,268,0,11363,0
married_filing_jointly,63931,1829,1424,1776,0,3695,0
single,80636,2190,2949,2462,1,6976,0
head_of_household,30288,532,3168,1268,3,0,5231
head_of_household,65341,2274,8708,1015,0,4730,0
single,77792,1336,6043,2722,3,2481,0
single,61645,948,6989,1083,2,1375,0
head_of_household,81309,2019,7236,4101,2,3273,0
head_of_household,49654,459,6261,406,0,3138,0
married_filing_jointly,88186,550,887,3076,3,1816,0
head_of_household,105977,392,3104,985,0,13743,0
married_filing_jointly,52743,1787,49,3603,2,0,1861
married_filing_jointly,51089,844,3951,4485,0,1947,0
married_filing_jointly,89067,2257,3560,709,3,2155,0
married_filing_jointly,91591,1138,18,2618,2,4537,0
married_filing_jointly,49542,645,4821,4849,1,0,258
single,51596,2266,6340,1411,2,0,131
head_of_household,54364,2454,8058,4621,1,958,0
married_filing_jointly,33110,1466,9665,1485,0,245,0
head_of_household,41626,1377,2606,2950,0,1759,0
head_of_household,39917,141,7846,4651,3,0,4501
married_filing_jointly,44644,500,8643,2934,1,0,598
single,59306,839,6432,4114,0,4640,0
married_filing_jointly,64684,1682,3765,4670,1,1455,0
single,91010,1565,2438,1003,0,11717,0
head_of_household,40032,2046,9741,2466,2,0,2453
single,79686,1530,6358,2466,0,8912,0
single,55720,595,8319,1938,3,0,1499
single,59010,1904,5941,1939,2,738,0
head_of_household,73496,280,7644,1635,3,479,0
head_of_household,37545,423,4855,1698,2,0,2465
single,67648,269,6547,4527,1,4087,0
single,63329,153,7196,2091,3,0,300
married_filing_jointly,69849,1750,5911,1895,0,4400,0
single,65783,661,6481,4240,1,3654,0
married_filing_jointly,109106,1967,2761,3398,0,12036,0
single,47245,82,4456,1073,2,0,351
married_filing_jointly,49380,1449,9607,2402,2,0,2080
head_of_household,47537,1298,6361,4895,0,2245,0
single,48890,2331,5693,3212,0,3319,0
single,47252,979,5788,4037,1,1186,0
single,83780,2220,201,1151,0,9950,0
single,88410,1659,6160,2445,3,4807,0
married_filing_jointly,48585,1398,517,1956,3,0,4116
single,43352,632,7737,4558,0,2697,0
head_of_household,69428,1531,9533,3907,3,0,1037
head_of_household,48955,786,1988,807,0,2967,0
single,72658,397,3802,186,1,6117,0
head_of_household,64058,1143,5808,4827,3,0,1745
single,29685,933,7162,4524,3,0,4962
single,90950,1460,6241,1307,0,11660,0
head_of_household,95917,1852,8399,2284,3,4923,0
single,47744,285,5633,4866,2,0,770
head_of_household,52245,264,5755,757,1,1430,0
married_filing_jointly,65717,2367,6309,4231,1,1550,0
single,66689,2136,4117,4887,3,0,612
married_filing_jointly,73170,1677,8345,3854,3,0,1427
head_of_household,100204,1226,1518,4266,2,7568,0
married_filing_jointly,56461,820,6163,2206,2,0,1131
married_filing_jointly,44034,1762,2600,3558,3,0,4898
head_of_household,32413,2381,2195,1580,3,0,5234
married_filing_jointly,45381,2269,3554,961,2,0,2485
married_filing_jointly,59337,40,2849,3847,0,3110,0
head_of_household,95891,1731,1742,3575,2,6660,0
married_filing_jointly,49647,67,1306,875,0,2300,0
head_of_household,64475,987,3849,2418,1,2612,0
married_filing_jointly,59671,1799,7519,4198,1,896,0
head_of_household,83767,1621,4195,1001,2,4583,0
head_of_household,110538,1655,5178,3384,0,13941,0
married_filing_jointly,49382,1278,2555,4066,2,0,2259
married_filing_jointly,50211,694,2305,2845,2,0,1943
married_filing_jointly,80883,1085,7619,1481,0,6443,0
single,73637,2479,9280,3301,2,3189,0
single,96934,1693,2642,657,1,11068,0
single,71678,2315,9369,2780,3,908,0
head_of_household,52814,1058,6409,422,3,0,2555
married_filing_jointly,71813,778,4757,3681,2,538,0
head_of_household,82174,493,2994,4266,0,7762,0
single,76409,1585,8751,2710,0,8125,0
married_filing_jointly,70145,1492,1271,452,1,2640,0
head_of_household,81333,1790,1813,2397,0,7703,0
married_filing_jointly,83385,660,8801,1975,0,6978,0
head_of_household,87643,1348,2461,1657,1,7351,0
married_filing_jointly,72974,1327,4120,2541,2,748,0
single,56657,1299,6124,3075,3,0,1608
single,62934,1986,8475,3164,1,3052,0
married_filing_jointly,84130,2044,4396,2966,2,2619,0
head_of_household,43661,1928,9283,2053,1,45,0
single,67373,1347,816,287,2,2723,0
single,52133,1058,7304,3217,1,1860,0
single,60574,976,7331,3854,2,807,0
married_filing_jointly,85569,481,82,1447,1,5614,0
married_filing_jointly,63821,727,1920,607,2,0,45
head_of_household,60928,1031,7817,4552,1,1925,0
head_of_household,32802,342,2093,1764,3,0,5010
head_of_household,74925,1447,7071,1225,3,627,0
married_filing_jointly,72909,2379,7967,1235,0,4771,0
married_filing_jointly,103265,2485,8367,1029,2,7158,0
head_of_household,53844,2221,5285,2671,1,1158,0
head_of_household,64383,526,4937,3962,2,471,0
married_filing_jointly,64987,1896,369,4542,3,0,2518
head_of_household,91549,658,1818,4930,2,5642,0
single,58094,2073,2101,3177,1,2459,0
married_filing_jointly,65580,819,3490,3722,2,0,219
head_of_household,72157,405,1779,4906,1,3437,0
married_filing_jointly,63732,2279,7674,1475,3,0,2346
single,51071,1573,1364,2896,3,0,2289
married_filing_jointly,63881,1811,7294,808,3,0,2192
married_filing_jointly,81472,504,3676,978,0,6811,0
married_filing_jointly,39469,178,2426,2463,3,0,5087
married_filing_jointly,62659,131,8264,725,2,0,127
single,45997,1846,8089,2501,0,3116,0
married_filing_jointly,83900,1478,2962,3362,3,606,0
married_filing_jointly,29536,2395,859,1216,2,0,4000
head_of_household,48821,771,4138,4051,2,0,1436
married_filing_jointly,67544,1429,2424,2197,2,126,0
head_of_household,91310,2123,9256,2806,1,7735,0
single,58684,578,4017,778,0,4997,0
single,48896,1515,8560,972,2,0,312
single,97623,193,8342,2810,1,11076,0
single,31039,2007,1134,2123,3,0,4652
head_of_household,16023,1185,5166,598,2,0,4000
married_filing_jointly,68800,2394,5119,3341,1,2023,0
single,49958,1384,5694,224,2,0,80
married_filing_jointly,39575,1792,6136,840,0,924,0
head_of_household,74167,1110,5485,1814,0,6404,0
head_of_household,64876,2261,4164,4809,3,0,1779
head_of_household,48718,1936,2346,1106,2,0,1234
single,34393,779,5039,124,1,136,0
married_filing_jointly,77449,261,4897,3246,3,0,519
married_filing_jointly,73004,729,8252,2931,2,777,0
married_filing_jointly,58016,282,5041,4125,3,0,3110
head_of_household,96932,1490,3901,2971,1,9075,0
single,38598,361,1337,2017,3,0,3535
head_of_household,29489,440,1184,2415,3,0,5416
head_of_household,46161,2140,4426,4590,3,0,3984
married_filing_jointly,59088,1644,1551,3096,2,0,1022
head_of_household,64866,866,1629,1609,1,2770,0
married_filing_jointly,55175,1447,9519,717,0,2817,0
single,67041,141,1526,3561,2,2195,0
married_filing_jointly,34969,1314,9865,1016,0,493,0
single,88875,1455,1361,3565,0,10708,0
married_filing_jointly,58356,1875,9765,4701,2,0,1330
head_of_household,82345,1847,4370,4470,2,3457,0
head_of_household,66854,1712,5283,1960,1,2865,0
single,69135,700,7610,1048,1,5085,0
single,71395,997,1993,1357,3,1449,0
single,68954,2096,869,3426,0,6215,0
married_filing_jointly,72854,1325,1014,115,1,3025,0
married_filing_jointly,86583,880,602,2095,3,1607,0
single,63930,1213,690,1801,1,3662,0
head_of_household,74180,1159,8685,2146,2,2324,0
married_filing_jointly,58205,554,489,1620,1,1179,0
married_filing_jointly,88802,403,6864,4780,0,7609,0
married_filing_jointly,46472,891,7240,2950,1,0,428
single,96018,601,7786,3792,0,12418,0
single,59196,1830,8024,2941,2,649,0
single,31384,340,294,4905,0,1254,0
single,62562,1968,5488,977,1,3376,0
single,46378,703,4027,3066,3,0,2768
head_of_household,76812,317,2912,783,2,3388,0
head_of_household,46947,1386,9909,240,1,722,0
single,51076,2429,4744,1553,2,0,230
married_filing_jointly,22209,2280,1873,4578,2,0,4000
single,50953,1800,3258,1012,1,1894,0
head_of_household,11522,1367,2817,186,1,0,2000
head_of_household,28321,1572,8636,1881,3,0,5593
married_filing_jointly,75208,816,3641,4586,2,832,0
head_of_household,75716,552,4458,430,2,3172,0
single,68509,855,5307,238,1,5092,0
married_filing_jointly,40660,1812,8933,2345,0,880,0
single,59045,182,2041,75,1,3193,0
single,59927,1574,679,1356,2,957,0
married_filing_jointly,36832,396,5738,4922,1,0,1618
single,90067,1727,5668,2330,3,5182,0
head_of_household,77547,1517,9550,4686,0,6427,0
single,55580,906,7697,1902,1,2450,0
married_filing_jointly,60537,1356,8033,4013,3,0,2923
married_filing_jointly,64167,2174,62,4670,2,0,665
married_filing_jointly,19165,0,7829,4987,1,0,2000
single,55056,18,7352,2059,2,475,0
married_filing_jointly,46360,583,6915,140,3,0,4067
married_filing_jointly,39967,455,8326,1789,2,0,2997
single,54377,2036,3644,3626,3,0,2036
head_of_household,95953,1132,4970,16,3,5588,0
single,72816,2492,8003,4348,3,775,0
married_filing_jointly,48576,1952,3278,464,1,0,4
married_filing_jointly,71451,2150,7296,4471,2,235,0
single,87987,987,9014,1827,2,6998,0
head_of_household,78492,519,3074,3028,0,7219,0
married_filing_jointly,61192,858,8312,519,0,3633,0
married_filing_jointly,47061,173,7552,89,0,2071,0
married_filing_jointly,73964,1366,1637,4815,0,4589,0
single,67869,2478,5103,2851,2,2019,0
married_filing_jointly,77903,726,9116,2843,3,0,433
head_of_household,72703,1710,644,4725,3,0,689
married_filing_jointly,80991,1875,2032,1884,1,4204,0
married_filing_jointly,49295,1681,2761,4171,3,0,4330
head_of_household,86347,1347,2068,925,2,5228,0
married_filing_jointly,63951,989,241,3734,2,0,436
single,101505,419,2668,969,2,10286,0
single,46216,593,802,1094,1,1461,0
single,94719,1774,5059,3195,0,12005,0
head_of_household,63958,2459,195,1404,3,0,1504
married_filing_jointly,46971,935,2187,3364,2,0,2423
single,50322,1107,2330,4290,2,0,491
head_of_household,53593,1136,4841,3982,0,3101,0
married_filing_jointly,68483,331,3606,4323,2,115,0
head_of_household,70456,2088,8468,4013,3,0,993
single,48525,1793,60,4556,1,1179,0
single,59512,958,3927,4713,2,578,0
single,102845,104,6296,3092,3,8183,0
head_of_household,94550,201,2591,4159,2,6573,0
head_of_household,68726,2497,8758,2074,0,4982,0
single,60760,1842,9763,284,2,1159,0
head_of_household,62400,1866,6121,4933,2,0,43
single,72270,1996,1200,4926,1,4637,0
single,39544,1289,2854,1187,0,2566,0
married_filing_jointly,54852,909,7024,3969,0,2452,0
head_of_household,26628,209,9428,2965,1,0,1734
single,67984,562,6972,4319,2,2143,0
single,72943,1563,136,783,3,1791,0
head_of_household,50336,770,1029,949,0,3118,0
married_filing_jointly,91479,628,2594,3939,0,8334,0
married_filing_jointly,35484,1628,7206,44,2,0,3388
single,30712,1701,661,1810,2,0,2617
head_of_household,64489,386,2472,4566,0,4428,0
married_filing_jointly,80941,1935,86,2081,2,2137,0
head_of_household,93678,2343,6219,3498,3,4055,0
head_of_household,50822,2305,8143,829,0,3006,0
single,81573,1104,6968,1909,3,3543,0
married_filing_jointly,59229,267,2773,2581,3,0,2778
single,56547,2466,1700,691,2,524,0
married_filing_jointly,77673,2282,2700,4019,3,0,979
married_filing_jointly,73046,1856,6815,931,2,887,0
married_filing_jointly,28472,1998,1647,4936,1,0,2000
married_filing_jointly,89530,1380,6038,3406,2,3857,0
married_filing_jointly,87601,1236,5164,147,3,2181,0
head_of_household,47488,573,5520,1032,1,789,0
single,67916,48,3687,1311,2,2903,0
head_of_household,69880,1150,596,387,3,0,233
married_filing_jointly,65213,222,4545,3121,0,3880,0
single,48993,1431,8676,1873,0,3600,0
married_filing_jointly,46567,1528,8837,3588,2,0,2569
single,59488,1819,4757,915,2,928,0
head_of_household,83454,2324,4384,1878,0,8166,0
single,70872,1461,8912,3748,3,706,0
single,52587,1130,4733,277,3,0,1740
single,75433,1681,7081,1977,3,2051,0
single,10000,2467,8690,1859,2,0,4000
single,82975,374,7117,3036,1,7764,0
married_filing_jointly,25205,2120,4729,3371,1,0,2000
single,52751,2021,1673,4713,1,1640,0
single,37606,1053,8306,2182,1,242,0
head_of_household,34106,1889,9928,4675,1,0,1325
single,83216,1823,7178,1170,2,5909,0
head_of_household,50645,1474,2294,489,2,0,874
married_filing_jointly,66930,2242,3630,2525,1,1915,0
single,59061,1179,146,1182,2,922,0
head_of_household,69540,1064,3453,4479,2,963,0
head_of_household,61536,2070,4507,4258,1,1908,0
married_filing_jointly,34340,359,5783,2488,3,0,5620
single,79925,2041,7751,1876,2,4982,0
single,50124,1141,5628,2462,3,0,2299
head_of_household,28868,1635,8328,1630,2,0,3519
single,51437,1403,3360,287,2,87,0
head_of_household,90015,1943,3005,4282,1,7165,0
single,77004,678,3552,1907,2,4632,0
head_of_household,53026,2487,18,1161,0,3209,0
single,53014,6,2242,129,0,4463,0
married_filing_jointly,53567,2468,6318,2363,1,304,0
single,101534,1591,5097,143,3,8216,0
single,67638,832,8640,15,3,954,0
married_filing_jointly,68600,1810,1948,244,3,0,1558
single,80605,913,9137,926,0,9589,0
married_filing_jointly,64775,2011,5618,3178,3,0,2393
single,54819,1442,4236,2176,3,0,1737
head_of_household,56073,1450,6901,886,1,1732,0
head_of_household,58567,1502,1920,340,3,0,1909
single,59255,125,4188,2051,0,4967,0
single,74552,2442,238,3398,0,7377,0
single,61038,816,204,3950,0,4870,0
head_of_household,74652,1829,5552,305,1,4685,0
single,58385,575,4927,907,1,2946,0
head_of_household,61572,2372,4390,2654,2,69,0
married_filing_jointly,20035,1415,2687,3792,3,0,6000
head_of_household,78326,929,4951,4042,1,4869,0
head_of_household,66929,1463,6160,1371,0,4975,0
married_filing_jointly,79960,832,5388,320,0,6551,0
head_of_household,10000,1054,9540,4654,1,0,2000
single,101767,1648,5126,4059,1,11393,0
single,57208,1900,816,1131,1,2619,0
head_of_household,82163,1457,9012,2578,2,3919,0
single,39201,1399,192,4042,0,2169,0
head_of_household,72255,442,1776,3367,2,1789,0
single,38931,2122,3645,817,2,0,1562
single,47524,556,6314,11,3,0,2247
head_of_household,98280,1178,8442,194,0,12051,0
single,56186,2037,1788,2537,0,4311,0
head_of_household,64348,362,7374,2842,1,2621,0
single,77401,2495,3700,2229,1,6249,0
single,69913,1257,9359,3009,3,702,0
married_filing_jointly,63008,1841,3893,4751,2,0,774
married_filing_jointly,67299,2309,6811,2077,1,2005,0
head_of_household,108068,1850,9288,3867,1,11248,0
married_filing_jointly,58847,2172,2679,4873,0,2672,0
head_of_household,64021,910,3904,443,0,4804,0
married_filing_jointly,81013,244,7260,297,1,4917,0
single,82110,541,504,4903,0,9127,0
head_of_household,83740,2169,9813,844,3,2491,0
head_of_household,72774,2172,9579,1015,1,4040,0
single,37139,1572,6773,1384,0,2219,0
head_of_household,92668,2217,3816,1397,3,4323,0
head_of_household,37073,123,717,553,0,1651,0
married_filing_jointly,66052,1731,4434,2350,0,3892,0
head_of_household,44914,785,658,4516,0,2037,0
single,58717,2043,5057,1269,1,2766,0
married_filing_jointly,66575,2248,4008,1260,2,24,0
married_filing_jointly,66427,2416,4994,184,0,4115,0
single,68438,796,4234,4563,3,137,0
single,92274,76,3764,2410,1,10013,0
married_filing_jointly,69070,58,4637,4431,1,2205,0
head_of_household,55116,2478,2104,2209,3,0,2664
married_filing_jointly,79281,1523,9447,3672,0,5512,0
single,83789,1936,6801,4683,2,5237,0
married_filing_jointly,35447,2156,8575,1881,0,371,0
single,71948,1301,2607,4296,3,857,0
married_filing_jointly,74023,67,8385,521,1,3369,0
head_of_household,54048,2352,3719,1887,2,0,738
married_filing_jointly,87514,1932,2581,2552,1,5480,0
married_filing_jointly,56998,364,2565,3809,3,0,3205
single,62511,820,2763,4883,0,4934,0
single,56538,1402,6328,4155,2,235,0
single,60311,2390,5991,4673,1,2507,0
married_filing_jointly,38074,946,3406,4416,1,0,1498
head_of_household,31198,1577,8923,3479,1,0,1465
single,91890,1377,4780,1409,0,11863,0
single,43060,1439,4177,1694,2,0,1090
married_filing_jointly,40172,761,6476,4664,0,704,0
single,16932,340,2604,526,0,221,0
head_of_household,47220,382,8181,2660,0,2585,0
head_of_household,33538,1003,2382,2172,3,0,5043
single,92840,1556,531,4966,3,5250,0
single,80196,299,6079,279,3,3776,0
married_filing_jointly,46236,138,634,2964,2,0,2367
head_of_household,105048,358,9961,3977,0,12888,0
head_of_household,79635,835,2,2669,0,7480,0
single,53503,1522,8397,2893,3,0,1991
married_filing_jointly,10011,1627,5951,1751,0,0,0
head_of_household,105818,1982,5626,3981,0,12699,0
head_of_household,32208,1303,7739,4769,1,0,1466
married_filing_jointly,27092,908,6003,2361,0,0,0
married_filing_jointly,80451,1134,2890,4427,1,3689,0
head_of_household,108795,2186,6239,4131,0,13276,0
head_of_household,87685,995,8026,1708,2,5427,0
married_filing_jointly,71278,2482,3306,2686,3,0,1610
head_of_household,71895,2320,897,2895,1,3401,0
single,77068,2151,9277,4535,3,1744,0
single,75178,1237,9471,2776,1,5916,0
married_filing_jointly,65623,1784,670,1119,1,1982,0
married_filing_jointly,62084,164,7291,2988,1,1527,0
married_filing_jointly,58748,998,1505,4259,2,0,1125
single,44920,1307,6460,4243,0,2842,0
head_of_household,54386,656,5167,194,1,1708,0
single,26140,2211,5255,662,2,0,3058
head_of_household,58033,1909,249,479,1,1961,0
single,40228,2046,6457,4218,0,2193,0
head_of_household,37928,2111,1892,1423,1,0,588
single,63597,1140,3439,2708,2,1405,0
married_filing_jointly,87840,1889,2854,3175,0,7424,0
single,78366,266,9695,3814,2,4603,0
head_of_household,28589,1845,3792,2014,0,393,0
single,40207,1708,5330,3789,0,2283,0
single,78815,2293,7871,4805,3,2038,0
single,40350,2442,8235,2443,3,0,3626
married_filing_jointly,55507,1510,3612,911,3,0,3173
single,71001,475,2618,3213,0,7069,0
married_filing_jointly,40633,976,4678,2364,1,0,1040
married_filing_jointly,62107,1207,3163,3629,2,0,671
single,33319,1043,9480,3472,2,0,2425
single,47972,1960,2942,680,2,0,442
single,66395,557,8411,4651,3,0,278
head_of_household,28140,1017,1925,609,0,571,0
single,68809,1605,2972,2156,3,571,0
married_filing_jointly,59607,882,990,3866,1,1039,0
single,71049,2194,1812,371,0,7326,0
head_of_household,64478,665,8995,615,2,867,0
single,87282,1771,489,2253,3,4577,0
head_of_household,62504,863,5876,4942,3,0,1912
head_of_household,51411,581,9685,4138,1,887,0
single,62445,694,3645,864,1,3655,0
married_filing_jointly,70865,1251,7081,1268,3,0,1342
head_of_household,60977,1610,2891,784,1,2313,0
single,60811,1239,9897,4571,2,718,0
single,45960,2454,3516,4178,1,837,0
married_filing_jointly,46741,398,3340,2237,1,0,251
head_of_household,31947,1946,6410,4054,3,0,5485
head_of_household,94991,714,53,4895,3,4395,0
single,35122,703,2575,935,0,2136,0
single,46141,1714,615,3980,0,2971,0
married_filing_jointly,45631,1972,5944,2338,3,0,4585
married_filing_jointly,77898,81,7404,325,1,4261,0
head_of_household,54101,603,954,1534,1,1519,0
head_of_household,84954,1970,1629,3480,0,8222,0
single,46530,1710,6859,3861,0,3033,0
head_of_household,65579,2046,8841,1985,0,4669,0
married_filing_jointly,43293,902,3278,4932,2,0,3024
married_filing_jointly,102902,364,5455,4603,2,6759,0
single,36248,162,3801,2778,0,2114,0
married_filing_jointly,66196,1863,2561,1270,1,2023,0
married_filing_jointly,72675,115,6539,640,0,5086,0
married_filing_jointly,68275,2384,370,4703,2,0,201
married_filing_jointly,56294,880,857,4078,1,616,0
single,57403,839,4886,4661,2,346,0
single,60876,2194,7485,1367,1,2995,0
head_of_household,57059,1346,383,4042,2,0,515
married_filing_jointly,79277,2490,4334,2575,1,3540,0
head_of_household,104210,1036,4290,3603,1,10637,0
single,48850,942,2725,1581,1,1677,0
single,32603,1724,6204,1986,1,0,414
single,58234,2334,6111,2240,3,0,1442
single,111594,1137,4251,3966,2,11688,0
single,43926,21,922,2105,2,0,866
single,92782,1749,2915,128,3,6259,0
single,93554,682,7957,4801,1,9636,0
married_filing_jointly,48928,1833,3046,3996,1,0,372
head_of_household,71379,2367,9166,851,2,1726,0
single,92567,125,1230,4103,3,5695,0
married_filing_jointly,52417,276,7647,2076,1,463,0
married_filing_jointly,55928,1999,4933,2994,1,568,0
head_of_household,48366,1227,9555,3744,1,491,0
single,39704,2241,3940,2756,0,2282,0
head_of_household,47014,695,6483,1644,3,0,3355
single,35521,1309,203,4371,1,0,301
married_filing_jointly,60681,56,160,3144,0,3353,0
married_filing_jointly,44600,18,8960,242,3,0,4223
married_filing_jointly,64675,2311,3748,4085,1,1449,0
married_filing_jointly,28882,112,6718,170,2,0,3910
head_of_household,66617,541,2581,652,0,5134,0
single,76670,578,1093,3512,0,8228,0
single,20125,1088,4500,1499,1,0,1631
head_of_household,67481,24,8799,2099,1,3126,0
single,84553,1572,5710,2158,0,10041,0
married_filing_jointly,35807,2048,9732,1972,2,0,3591
single,93451,1572,2875,3925,2,7610,0
married_filing_jointly,68380,140,3191,2258,3,0,1626
head_of_household,45899,1767,1837,4039,1,95,0
single,58884,647,689,2035,2,862,0
head_of_household,71166,2235,3759,3271,3,0,823
single,61520,200,2103,857,2,1562,0
married_filing_jointly,70775,256,365,3823,1,2459,0
head_of_household,41586,546,8092,1049,3,0,3917
single,63387,2241,4172,3990,3,0,1023
married_filing_jointly,31725,801,6033,298,3,0,5707
head_of_household,57775,941,2378,923,2,0,6
head_of_household,41921,413,1205,4232,1,0,242
single,45289,2014,4988,4306,3,0,3205
single,84721,1381,5669,2799,0,9979,0
single,81826,1098,2735,4875,1,6948,0
married_filing_jointly,72182,909,9867,4062,0,4521,0
single,38153,187,8490,4045,0,2188,0
head_of_household,53671,2015,956,1802,3,0,2733
head_of_household,84261,1313,9306,2713,3,2383,0
single,62834,2092,6623,4506,2,866,0
single,106386,2130,1474,2853,2,10569,0
head_of_household,67866,1146,4460,2657,2,971,0
married_filing_jointly,63840,357,7002,4522,1,1531,0
single,53817,1551,6396,3346,2,0,11
single,62670,1089,2828,1471,0,5484,0
head_of_household,56950,1680,2850,2949,2,0,437
single,74162,2422,2964,941,3,1836,0
married_filing_jointly,79134,161,4594,1907,2,2168,0
head_of_household,44280,2369,9141,4837,1,0,267
single,33375,449,6644,1243,1,0,80
head_of_household,23275,1497,2850,4423,0,0,0
single,70159,1036,165,1466,1,5145,0
single,37932,2231,919,3957,2,0,2072
single,16942,2158,8305,1966,3,0,6000
married_filing_jointly,67771,1950,3504,375,1,2309,0
married_filing_jointly,109859,1313,991,262,0,13035,0
head_of_household,59878,2342,6047,4362,2,0,335
single,76769,1238,3839,3388,0,8131,0
single,61636,973,1258,3395,1,2990,0
married_filing_jointly,58022,631,7609,1944,1,1109,0
single,78381,1590,8706,1893,0,8738,0
married_filing_jointly,54194,1050,4804,3634,2,0,1602
single,65347,1588,67,1652,1,3924,0
head_of_household,66433,2368,9788,4141,3,0,1525
single,46638,1693,5660,3892,1,1044,0
single,79840,436,4478,599,2,5597,0
married_filing_jointly,56500,1556,8210,4815,1,471,0
single,44885,1076,3521,1912,0,3145,0
single,70730,1304,572,1292,1,5249,0
married_filing_jointly,42030,2078,7082,600,1,0,821
head_of_household,60563,2384,7832,380,2,219,0
head_of_household,59817,182,5395,4213,0,3934,0
married_filing_jointly,81717,1469,2258,3637,2,2067,0
married_filing_jointly,69493,1479,6039,2163,1,2358,0
married_filing_jointly,59499,1589,650,4355,3,0,3117
married_filing_jointly,76355,1587,5741,1098,1,3420,0
married_filing_jointly,87804,659,6838,365,2,4305,0
head_of_household,71156,159,2587,2570,3,0,214
head_of_household,60207,2459,7876,3419,2,0,196
married_filing_jointly,33763,1011,3262,2476,2,0,3742
single,38697,52,1338,790,0,2660,0
married_filing_jointly,53895,2455,4996,3569,3,0,3799
single,47809,1045,5780,746,1,1640,0
married_filing_jointly,56260,1053,2827,312,2,0,956
married_filing_jointly,61132,2307,5232,4633,1,959,0
head_of_household,70593,1228,2217,920,0,5789,0
single,58590,1494,3539,1077,0,4840,0
single,69730,1489,7845,2829,3,651,0
head_of_household,61289,1035,9229,2381,0,4228,0
head_of_household,20490,1950,4383,3618,0,0,0
head_of_household,41213,849,2961,797,1,32,0
head_of_household,57118,353,3226,4443,0,3562,0
single,35806,1098,6837,272,0,2250,0
single,71998,1739,7031,3010,2,3055,0
married_filing_jointly,90615,1464,9290,4815,0,7767,0
married_filing_jointly,84375,990,9131,1773,2,3168,0
head_of_household,55731,1264,3716,2547,0,3514,0
head_of_household,89814,1884,3414,3164,0,9380,0
head_of_household,62973,1809,1448,4780,3,0,1949
married_filing_jointly,53258,2341,570,4717,3,0,4000
married_filing_jointly,47731,2256,2904,946,2,0,2200
married_filing_jointly,53950,1111,2505,2665,0,2476,0
married_filing_jointly,52236,817,917,506,1,565,0
married_filing_jointly,63408,1799,6982,243,3,0,2180
married_filing_jointly,63211,1960,7427,505,1,1745,0
married_filing_jointly,60060,2437,6336,4517,3,0,3171
head_of_household,68738,2372,1678,3158,3,0,1131
head_of_household,83812,888,615,3590,0,8184,0
head_of_household,78991,1855,9941,1872,3,1289,0
head_of_household,30302,1180,7086,3793,1,0,1547
married_filing_jointly,10000,667,4749,1192,3,0,6000
single,78686,632,3505,4425,2,4458,0
married_filing_jointly,32662,1642,4529,4745,0,0,0
single,55504,136,1135,1464,0,4586,0
head_of_household,36597,1946,8566,390,2,0,2604
married_filing_jointly,23960,1697,7226,4476,2,0,4000
head_of_household,70829,427,5162,3377,2,1477,0
married_filing_jointly,75183,1475,206,4837,3,0,1279
head_of_household,48469,818,4875,4915,0,2412,0
single,10000,2188,1319,672,2,0,4000
single,49075,1106,1141,2560,3,0,2432
single,67836,2224,4627,1211,2,2428,0
married_filing_jointly,30421,197,7389,929,1,0,1840
single,63667,1995,2690,1539,1,3489,0
married_filing_jointly,59693,2448,7323,912,0,3215,0
single,71585,470,3255,643,3,1764,0
single,62391,2265,8281,4522,1,2790,0
married_filing_jointly,40538,1948,5213,501,1,0,961
married_filing_jointly,83931,928,4108,729,3,1313,0
single,56829,2010,3020,1283,2,542,0
married_filing_jointly,59453,905,1857,2118,3,0,2772
single,41334,2222,8996,4552,2,0,1734
married_filing_jointly,51134,22,9136,4386,1,63,0
head_of_household,42303,234,2789,3836,1,0,128
head_of_household,56541,1124,3875,919,1,1823,0
head_of_household,94234,928,7605,4050,0,10367,0
head_of_household,32561,522,9802,2339,0,890,0
head_of_household,27728,1808,8135,755,0,436,0
single,89423,430,6055,1869,3,5427,0
head_of_household,55813,792,3882,4472,1,1349,0
head_of_household,46618,1629,7175,507,1,621,0
head_of_household,80798,1736,7129,1436,3,1809,0
head_of_household,47887,532,5021,2575,0,2657,0
married_filing_jointly,96520,1746,4735,3426,3,3310,0
single,73558,1675,2387,558,0,7952,0
head_of_household,50241,1316,6582,3102,1,782,0
head_of_household,103146,912,9133,4516,2,8229,0
head_of_household,47885,1124,5866,3622,0,2460,0
single,74841,1525,2566,4399,1,5422,0
married_filing_jointly,65985,1327,975,4057,1,1728,0
single,86034,1023,7212,3715,2,6145,0
married_filing_jointly,91230,1576,9146,1301,1,6651,0
head_of_household,60640,1378,1262,2155,1,2136,0
head_of_household,44931,1519,5047,692,0,2410,0
single,69199,1681,9135,4350,0,6157,0
single,46445,1997,7382,1478,2,0,725
married_filing_jointly,100267,226,6231,256,2,7166,0
married_filing_jointly,62730,1259,3327,2430,1,1540,0
single,52693,872,5630,441,0,4283,0
married_filing_jointly,63693,891,2259,1881,2,0,233
single,33057,1478,1257,2646,2,0,2410
married_filing_jointly,40567,1036,464,3820,3,0,5198
single,84008,2257,3294,4677,2,5216,0
single,46862,396,6774,1735,1,1485,0
single,39061,1123,7431,3735,0,2222,0
married_filing_jointly,70733,2078,1230,2645,2,377,0
married_filing_jointly,83714,648,9076,18,3,1484,0
married_filing_jointly,74379,328,3805,1124,0,5257,0
single,79920,1482,6419,3985,2,4640,0
married_filing_jointly,44864,951,5750,2654,3,0,4592
married_filing_jointly,31563,2005,3856,2080,2,0,4000
single,90026,2016,3135,1547,0,11282,0
head_of_household,53546,1878,6953,861,0,3380,0
single,54983,1196,9116,154,0,4553,0
married_filing_jointly,86563,1772,6034,3494,1,5098,0
single,71124,161,4589,904,2,3673,0
head_of_household,69117,1751,1546,1269,1,3272,0
single,103300,775,6065,404,0,14727,0
married_filing_jointly,47129,1827,1094,843,3,0,4208
head_of_household,78556,2321,2411,1782,2,3111,0
married_filing_jointly,61140,1051,2617,1564,1,1479,0
head_of_household,65371,2373,8954,1184,2,701,0
head_of_household,90569,939,4145,746,3,4285,0
single,70156,539,2775,1725,1,5196,0
single,70765,821,6628,3188,0,6946,0
married_filing_jointly,81450,1461,3155,270,1,4751,0
single,52700,1088,3970,4865,2,0,272
single,43215,355,7972,3956,2,0,1213
head_of_household,39103,234,8775,171,2,0,2072
single,20672,2274,5415,273,2,0,3572
head_of_household,101124,1548,4331,2306,0,12130,0
head_of_household,37935,2096,1942,1158,1,0,554
head_of_household,55574,117,6026,1706,0,3734,0
married_filing_jointly,54463,2101,8301,1771,0,2526,0
married_filing_jointly,66148,1673,191,421,0,4142,0
married_filing_jointly,76314,1067,9095,1209,2,1501,0
head_of_household,77209,2100,861,4675,2,2226,0
married_filing_jointly,48338,557,6711,890,2,0,1917
married_filing_jointly,56657,1815,9275,4817,1,459,0
single,65651,2005,649,3267,3,0,456
married_filing_jointly,55026,397,4134,4976,2,0,1585
married_filing_jointly,92146,674,7587,1473,1,7013,0
head_of_household,69819,386,8828,3243,2,1293,0
head_of_household,74697,2158,1036,4478,2,1704,0
head_of_household,73257,2064,4131,2181,0,5914,0
head_of_household,83469,883,2148,1449,0,8581,0
head_of_household,63620,540,5457,3096,0,4482,0
head_of_household,34063,170,6079,3256,1,0,1016
married_filing_jointly,67993,2456,2430,3156,3,0,2058
head_of_household,46972,739,1879,1590,3,0,3358
head_of_household,49427,1401,7542,4239,1,538,0
single,71727,2277,2011,3981,2,2663,0
married_filing_jointly,84765,118,3373,1435,1,5520,0
married_filing_jointly,60425,2151,7357,223,2,0,577
married_filing_jointly,66176,1995,1289,219,1,2131,0
head_of_household,94044,1705,1447,4274,1,8105,0
head_of_household,64815,1722,3199,1654,1,2656,0
head_of_household,112033,2222,6381,4528,3,7893,0
single,71310,1697,7522,264,0,7517,0
head_of_household,24784,1444,6059,953,1,0,1841
single,75066,1759,3183,4524,3,1392,0
married_filing_jointly,67623,1524,5462,3733,0,3939,0
head_of_household,85795,664,3216,2774,0,8850,0
single,73463,32,3136,3124,1,5728,0
single,57230,2102,3318,479,2,675,0
head_of_household,35514,2059,2782,3514,2,0,3085
married_filing_jointly,55819,1551,9182,1353,2,0,1194
married_filing_jointly,42989,719,7657,3322,1,0,870
married_filing_jointly,48389,2420,4920,3878,2,0,2493
single,71771,483,6324,889,3,1748,0
single,93398,972,6327,3854,3,5746,0
single,67893,306,8417,924,3,926,0
single,36082,456,776,2170,3,0,3867
married_filing_jointly,68892,2207,5208,1902,0,4229,0
head_of_household,83932,330,687,4873,3,2051,0
single,47804,224,529,2395,2,0,459
single,57319,1479,5067,28,1,2815,0
married_filing_jointly,60293,1082,8080,34,2,0,442
head_of_household,44302,643,5518,3589,3,0,3907
head_of_household,72965,615,2153,2670,0,6061,0
married_filing_jointly,57581,194,9486,3365,3,0,3061
married_filing_jointly,68390,488,6094,588,1,2533,0
head_of_household,42250,2204,6974,3218,2,0,2296
single,51250,1249,9718,3138,1,1741,0
head_of_household,74447,2459,4774,903,1,4370,0
married_filing_jointly,52543,1102,7692,4086,1,138,0
single,94539,1147,3103,2169,2,8329,0
single,52007,1241,2440,339,3,0,1830
married_filing_jointly,64493,515,4135,4270,1,1620,0
married_filing_jointly,78651,1625,7124,1714,2,1782,0
married_filing_jointly,31632,1127,5201,4692,0,0,0
head_of_household,24783,392,844,4546,2,0,4000
head_of_household,29486,630,446,556,0,750,0
single,85251,1847,3915,3087,2,5930,0
married_filing_jointly,48962,979,3109,3266,3,0,4177
single,111163,433,1234,3567,1,13836,0
single,48715,277,6587,2056,3,0,2316
single,63691,232,226,3899,2,1363,0
single,90842,1552,4143,1016,1,9680,0
married_filing_jointly,100121,1594,7185,2062,0,10435,0
single,101230,1113,5558,838,2,10101,0
married_filing_jointly,84167,2409,186,1637,1,4840,0
married_filing_jointly,80481,25,2535,4321,0,5963,0
head_of_household,71850,1417,1932,3496,0,5457,0
married_filing_jointly,75567,2314,9040,1813,3,0,971
head_of_household,48976,460,2032,3479,2,0,1311
married_filing_jointly,43636,1091,1252,1451,0,1387,0
married_filing_jointly,59932,1006,5509,2313,1,1249,0
married_filing_jointly,56596,1994,5074,1514,0,2826,0
head_of_household,50935,490,1881,1231,0,3189,0
head_of_household,73927,1072,269,1645,3,397,0
single,79106,215,1630,2999,3,2956,0
